{
 "0":{
  "bus_name":"650",
  "Bus Nro.":1,
  "V1(pu)_DSS":1.0498563805,
  "Ang1(deg)_DSS":29.9925531844,
  "V1(pu)_EST":1.0501,
  "Ang1(deg)_EST":30.0
 },
 "1":{
  "bus_name":"632",
  "Bus Nro.":2,
  "V1(pu)_DSS":1.0063652107,
  "Ang1(deg)_DSS":28.0062171732,
  "V1(pu)_EST":1.0059,
  "Ang1(deg)_EST":29.8718
 },
 "2":{
  "bus_name":"670",
  "Bus Nro.":3,
  "V1(pu)_DSS":0.9955781859,
  "Ang1(deg)_DSS":27.4651672921,
  "V1(pu)_EST":0.9951,
  "Ang1(deg)_EST":29.8406
 },
 "3":{
  "bus_name":"671",
  "Bus Nro.":4,
  "V1(pu)_DSS":0.9758272338,
  "Ang1(deg)_DSS":26.4341221088,
  "V1(pu)_EST":0.9804,
  "Ang1(deg)_EST":29.9435
 },
 "4":{
  "bus_name":"680",
  "Bus Nro.":5,
  "V1(pu)_DSS":0.9758272449,
  "Ang1(deg)_DSS":26.4341219047,
  "V1(pu)_EST":1.0088,
  "Ang1(deg)_EST":36.5074
 },
 "5":{
  "bus_name":"633",
  "Bus Nro.":6,
  "V1(pu)_DSS":1.0038724344,
  "Ang1(deg)_DSS":27.9651322313,
  "V1(pu)_EST":1.0061,
  "Ang1(deg)_EST":30.0786
 },
 "6":{
  "bus_name":"645",
  "Bus Nro.":7,
  "V1(pu)_DSS":1.0026594709,
  "Ang1(deg)_DSS":27.984625821,
  "V1(pu)_EST":1.0051,
  "Ang1(deg)_EST":30.0309
 },
 "7":{
  "bus_name":"646",
  "Bus Nro.":8,
  "V1(pu)_DSS":1.0014249946,
  "Ang1(deg)_DSS":27.9738170994,
  "V1(pu)_EST":1.0035,
  "Ang1(deg)_EST":29.9993
 },
 "8":{
  "bus_name":"692",
  "Bus Nro.":9,
  "V1(pu)_DSS":0.9757311329,
  "Ang1(deg)_DSS":26.4327309109,
  "V1(pu)_EST":0.9814,
  "Ang1(deg)_EST":30.0233
 },
 "9":{
  "bus_name":"675",
  "Bus Nro.":10,
  "V1(pu)_DSS":0.9723751995,
  "Ang1(deg)_DSS":26.3914228799,
  "V1(pu)_EST":0.9786,
  "Ang1(deg)_EST":30.0307
 },
 "10":{
  "bus_name":"684",
  "Bus Nro.":11,
  "V1(pu)_DSS":0.9742635037,
  "Ang1(deg)_DSS":26.418701608,
  "V1(pu)_EST":0.9789,
  "Ang1(deg)_EST":29.9295
 },
 "11":{
  "bus_name":"611",
  "Bus Nro.":12,
  "V1(pu)_DSS":0.9732271083,
  "Ang1(deg)_DSS":26.402258881,
  "V1(pu)_EST":0.98,
  "Ang1(deg)_EST":30.0597
 },
 "12":{
  "bus_name":"652",
  "Bus Nro.":13,
  "V1(pu)_DSS":0.9724873028,
  "Ang1(deg)_DSS":26.4488837261,
  "V1(pu)_EST":0.9786,
  "Ang1(deg)_EST":30.0379
 }
}